,data,producao_leite,importacoes,exportacoes,oferta_total,populacao_pessoas,oferta_per_capita,taxa_desemprego,massa_salarial,leite_uht_industria,leite_uht_supermercado,preco_leite_produtor,ano,mes,cluster,oferta_sem_importacao,diferenca_percentual,importacao_sobre_oferta_total,importacao%_oferta_total
0,2007-01-01,1629.549,51.4868285,37.23212853333334,1643.8036999666667,188.49692849999994,8.720586128631094,,,,1.422492,0.45087214290861455,2007,1,0,0.7204135954926185,38.286019435887624,3.1321762142915275,3.1321762142915275
1,2007-02-01,1405.073,44.56590975,39.46138208333333,1410.1775276666667,188.6572449166666,7.474812474281432,,,,1.412007,0.4800571926415662,2007,2,0,0.6206462768943076,12.93550148823243,3.160304917334802,3.160304917334802
2,2007-03-01,1444.693,23.32689621666667,40.93882826666667,1427.08106795,188.81756133333326,7.557989086781345,,,,1.427207,0.5008573503573702,2007,3,0,0.6376053290975318,-43.02011756486943,1.6345880231019898,1.6345880231019898
3,2007-04-01,1333.077,19.810017766666665,33.958065266666665,1318.9289525000002,188.97787774999992,6.979276983122966,,,,1.47141,0.5444326922840478,2007,4,0,0.5878452616922779,-41.663290852696974,1.5019776257938096,1.5019776257938096
4,2007-05-01,1359.253,16.03497595,45.07362488333333,1330.2143510666665,189.13819416666658,7.033028717058045,,,,1.61376,0.5862392754472355,2007,5,0,0.5988800085165243,-64.42492479470144,1.205443012785266,1.205443012785266
5,2007-06-01,1324.948,10.397096233333334,28.569803049999997,1306.7752931833334,189.2985105833332,6.903251848926002,,,,1.877278,0.6462858111634133,2007,6,0,0.5832710093338399,-63.608092729455,0.7956299975649049,0.7956299975649049
6,2007-07-01,1434.022,13.467583933333334,26.333476783333328,1421.15610715,189.458827,7.501134307930662,,,,2.119391,0.7342695641298775,2007,7,0,0.6307535796858561,-48.857554799383436,0.9476498651750056,0.9476498651750056
7,2007-08-01,1488.964,11.702935633333334,48.51424435333333,1452.1526912799998,189.61519108333334,7.658419575896733,,,,2.218509,0.7617310732271102,2007,8,1,0.6543797077882947,-75.87732059042315,0.8059025544357725,0.8059025544357725
8,2007-09-01,1519.011,17.9835015,28.34283989333333,1508.6516616066667,189.77155516666667,7.949830311933182,,,,2.00599,0.6953,2007,9,0,0.6670348982956246,-36.550107301597556,1.1920247700418884,1.1920247700418884
13,2008-02-01,1604.373,21.043181533333332,40.1653082,1585.2508733333334,190.5533755833334,8.319195965332382,,,,1.591113,0.67633330338647,2008,2,0,0.701628872176714,-47.6085645140566,1.327435416520887,1.327435416520887
14,2008-03-01,1611.925,20.286418899999997,52.70415152333333,1579.5072673766665,190.70973966666674,8.282258001806403,,,,1.649116,0.6982383622629583,2008,3,1,0.7043535561850055,-61.508878686684234,1.2843510960030473,1.2843510960030473
16,2008-05-01,1588.035,18.375721883333334,44.85866916666666,1561.5520527166668,191.02246783333342,8.174703585544275,,,,1.77044,0.72126055210193,2008,5,0,0.6927784542887543,-59.03640873727064,1.1767601247338941,1.1767601247338941
19,2008-08-01,1573.243,32.32422688333333,56.4345935,1549.1326333833333,191.48843266666665,8.08995411268515,,,,1.835833,0.6202292861273285,2008,8,1,0.6846553679905658,-42.72267260446674,2.0866016367324627,2.0866016367324627
22,2008-11-01,1618.61,22.124153616666668,44.44722171666666,1596.2869319,191.94814266666663,8.316240572705517,,,,1.698257,0.556647324275415,2008,11,0,0.7027114969322931,-50.22376481099463,1.3859759905653757,1.3859759905653757
24,2009-01-01,1757.217,93.12069423333334,50.52028043333333,1799.8174138000002,192.25461599999994,9.361634332878648,,,,1.733666,0.5637442905540229,2009,1,1,0.7616709187362245,84.32339138777269,5.173896725264218,5.173896725264218
25,2009-02-01,1565.15,50.892481833333335,41.52539626666666,1574.5170855666668,192.4078526666666,8.183226743320137,,,,1.788127,0.5738473452186585,2009,2,0,0.6778786045319379,22.557486282643467,3.2322597385481657,3.2322597385481657
26,2009-03-01,1610.304,108.09070396666667,29.285052483333327,1689.1096514833334,192.56108933333326,8.771811882302956,,,,1.838337,0.5900224135204988,2009,3,0,0.6968801457479641,269.0985496037035,6.399270992960353,6.399270992960353
27,2009-04-01,1452.709,62.68536819999999,21.728762833333327,1493.6656053666668,192.71432599999991,7.750672388344744,,,,1.8982,0.6246520857524807,2009,4,0,0.6281789519546844,188.49027752208966,4.196747114934866,4.196747114934866
28,2009-05-01,1434.486,39.23966058333333,19.475550600000002,1454.2501099833335,192.86756266666657,7.540148741842697,,,,2.134079,0.6680459899730661,2009,5,0,0.6198061423454712,101.48164942424441,2.6982745480956534,2.6982745480956534
29,2009-06-01,1407.484,51.69697346666667,16.305525033333332,1442.875448433333,193.02079933333323,7.47523299777445,,,,2.368842,0.7278224721905449,2009,6,0,0.60765644810527,217.05187880171115,3.582913100558956,3.582913100558956
31,2009-08-01,1641.471,70.13620286666668,55.6534729,1655.9537299666667,193.30531041666666,8.566519597404145,,,,2.390305,0.7002166275399654,2009,8,1,0.7076331721314477,26.023048000418108,4.235396291421649,4.235396291421649
34,2009-11-01,1803.057,55.737282416666666,42.15177491666665,1816.6425075,193.69913366666663,9.378681634303163,,,,1.727325,0.5715369361753655,2009,11,0,0.7757120393660134,32.22997733039316,3.068148091138216,3.068148091138216
36,2010-01-01,1880.098,50.95933296666667,21.450299516666664,1909.6070334499998,193.96168249999994,9.845279793600472,,,,1.720001,0.5853804305706762,2010,1,0,0.8077617770372423,137.56933056842303,2.6685769414349494,2.6685769414349494
37,2010-02-01,1634.179,43.246498700000004,16.048695433333332,1661.376803266667,194.0929569166666,8.55969649625141,,,,1.783774,0.6436969733519929,2010,2,0,0.7016307314633917,169.47049297338216,2.6030517950513676,2.6030517950513676
38,2010-03-01,1755.525,29.5952485,15.827241633333333,1769.2930068666667,194.22423133333325,9.109537953738403,,,,1.958926,0.7169959209143562,2010,3,0,0.7532208983179159,86.98930101420979,1.6727160727556238,1.6727160727556238
39,2010-04-01,1655.255,70.34371291666668,14.21934965,1711.3793632666668,194.3555057499999,8.805407166947045,,,,2.166211,0.7556285984703421,2010,4,0,0.7097196250467772,394.70415066885056,4.110351826517014,4.110351826517014
40,2010-05-01,1633.056,53.91808828333334,13.698211650000001,1673.2758766333334,194.48678016666656,8.603545573634413,,,,2.204605,0.7248224964797281,2010,5,0,0.6997287933060469,293.61406920102115,3.2223071542642256,3.2223071542642256
41,2010-06-01,1618.937,61.657076100000005,11.879510833333333,1668.7145652666666,194.61805458333322,8.574305034747647,,,,2.102452,0.6811087051949813,2010,6,0,0.6932112077448557,419.0203280676611,3.6948845167026505,3.6948845167026505
42,2010-07-01,1755.376,61.5843335,15.381987306666664,1801.5783461933333,194.749329,9.250755088318344,,,,1.955011,0.6532102176473711,2010,7,0,0.751126250778165,300.3665603943705,3.4183544462623763,3.4183544462623763
43,2010-08-01,1757.528,32.11763538333333,9.9500692,1779.6955661833335,194.86676908333334,9.1328838393285,,,,1.935615,0.6534011662421076,2010,8,0,0.7515938574628588,222.78806044216583,1.804670191554816,1.804670191554816
44,2010-09-01,1680.98,40.02049675,17.61552925333333,1703.3849674966666,194.9842091666667,8.736014956168393,,,,1.936245,0.6544494752443067,2010,9,0,0.7184256984981232,127.18872748275245,2.349468705762681,2.349468705762681
45,2010-10-01,1768.832,41.85658780000001,16.736218389999998,1793.95236941,195.10164925000004,9.194962606960123,,,,2.011904,0.6689126158366743,2010,10,0,0.7555172764213148,150.0958509540578,2.333205079116226,2.333205079116226
46,2010-11-01,1864.497,86.92638406666667,12.695059313333333,1938.7283247533335,195.2190893333334,9.931038667243175,,,,2.008399,0.6742390456992555,2010,11,0,0.7958993689121261,584.7260963591549,4.483680511436609,4.483680511436609
47,2010-12-01,1971.238,135.35251311666667,13.213242473333333,2093.3772706433338,195.3365294166667,10.716773134522173,,,,2.066693,0.6781655722671079,2010,12,0,0.8409580830779179,924.3701603889587,6.465748673915349,6.465748673915349
48,2011-01-01,1985.68,115.5265418,7.056366926666667,2094.1501748733335,195.45396950000006,10.714288280920961,,,,2.056287,0.6827492151391277,2011,1,0,0.8466102466818065,1537.1957836179756,5.516631194178218,5.516631194178218
49,2011-02-01,1731.011,112.11218563333333,6.677926546666666,1836.4452590866667,195.5714095833334,9.39015198079939,,,,2.035471,0.6998794295748618,2011,2,0,0.7375869355034793,1578.8472417279718,6.104847671260886,6.104847671260886
50,2011-03-01,1771.261,65.62175718333334,10.588745743333334,1826.2940114399998,195.68884966666675,9.332642174303134,,,,2.079595,0.7377958845473712,2011,3,0,0.7542845879300811,519.7311633877766,3.5931649982026594,3.5931649982026594
51,2011-04-01,1656.821,91.10014323333334,11.697502926666665,1736.2236403066665,195.80628975000008,8.867047338077994,,,,2.142254,0.7777851935473203,2011,4,0,0.7051275872851096,678.7999182770315,5.2470281545782,5.2470281545782
52,2011-05-01,1713.253,90.83847666666665,14.625890246666664,1789.46558642,195.92372983333343,9.133480604632455,,,,2.229743,0.8039369828606817,2011,5,0,0.7287074590443154,521.0799830620178,5.0762907851387,5.0762907851387
53,2011-06-01,1687.768,86.0678405,8.381264383333333,1765.4545761166669,196.04116991666677,9.005529689845897,,,,2.251872,0.8011770792985314,2011,6,0,0.7174377371504145,926.9075948868917,4.875109315432898,4.875109315432898
54,2011-07-01,1749.939,77.77097516666667,7.423853916666666,1820.28612125,196.15861,9.279664661418634,,,,2.273626,0.8071319330647464,2011,7,0,0.7434200823507059,947.582240163288,4.272458832640055,4.272458832640055
55,2011-08-01,1798.475,89.80599986666668,11.268109163333333,1877.0128907033334,196.28461083333335,9.562710406762955,,,,2.330055,0.8278653472838777,2011,8,0,0.7635489915912196,696.9926326139731,4.784516947724081,4.784516947724081
56,2011-09-01,1789.899,138.77537698333336,9.349882516666668,1919.3244944666667,196.41061166666668,9.771999986049632,,,,2.380188,0.8241288813512075,2011,9,0,0.7594205258784089,1384.2472804974693,7.230428069011626,7.230428069011626
57,2011-10-01,1874.526,140.77889621666668,10.855534493333334,2004.4493617233334,196.53661250000002,10.198859826808775,,,,2.404957,0.7924810486851334,2011,10,0,0.7948162839124948,1196.8398405727758,7.023320164877174,7.023320164877174
58,2011-11-01,1969.249,101.52658676666668,8.212230343333333,2062.563356423333,196.66261333333338,10.487826442778884,,,,2.336073,0.7825790823385856,2011,11,0,0.8344447404204125,1136.285181029849,4.9223499705106155,4.9223499705106155
59,2011-12-01,2067.118,106.31588789999999,10.359614013333333,2163.0742738866666,196.78861416666672,10.991866999249703,,,,2.27078,0.7681375790058109,2011,12,0,0.875354674673611,926.2533697024446,4.915036399049253,4.915036399049253
60,2012-01-01,2021.291,155.4971877333333,7.131168546666666,2169.6570191866667,196.91461500000005,11.018263013066177,,,,2.203876,0.7768155327006513,2012,1,0,0.8554007871211926,2080.528853241277,7.16690178946459,7.16690178946459
61,2012-02-01,1850.514,101.74929720000002,9.210718673333332,1943.0525785266666,197.0406158333334,9.861177962264367,,,,2.177809,0.7929968688306671,2012,2,0,0.7826279843260231,1004.6835845131424,5.236569423003064,5.236569423003064
62,2012-03-01,1895.099,110.99600503333333,8.719082096666666,1997.3759229366667,197.16661666666676,10.130396091917856,0.08,127957.0,,2.171227,0.8024135537380774,2012,3,0,0.8009718852845014,1173.0239697567188,5.5570913696676625,5.5570913696676625
63,2012-04-01,1720.676,83.39181317,11.493225083333332,1792.5745880866666,197.2926175000001,9.085867534230802,0.078,121994.0,,2.269476,0.808373710711387,2012,4,0,0.7267867824130145,625.5736537425771,4.652069360138013,4.652069360138013
64,2012-05-01,1756.527,85.72950781666668,10.055136593333332,1832.2013712233334,197.41861833333343,9.280793203251655,0.077,122787.0,,2.26705,0.7919625320125451,2012,5,0,0.7414561566470286,752.5941643946071,4.67904397208405,4.67904397208405
65,2012-06-01,1760.751,71.02011875,10.129873253333333,1821.6412454966667,197.54461916666676,9.221416676299155,0.076,123779.0,,2.207719,0.7821384246557934,2012,6,0,0.7427651060250127,601.095827893307,3.89868855492655,3.89868855492655
66,2012-07-01,1869.68,63.25601975,7.292943796666667,1925.6430759533334,197.67062,9.741675702506186,0.075,124987.0,,2.199644,0.7872256508567301,2012,7,0,0.788213578055589,767.3592106785735,3.284929618573456,3.284929618573456
67,2012-08-01,1884.498,88.46862335000002,9.232821163333332,1963.7338021866667,197.8002935,9.927860911827548,0.07400000000000001,126281.0,,2.181061,0.7996255966739193,2012,8,0,0.7939396712775858,858.1970860795936,4.505123008601675,4.505123008601675
68,2012-09-01,1776.984,113.43000126666666,8.822398333333332,1881.5916029333334,197.929967,9.506350308911705,0.071,127095.0,,2.24076,0.8096631885616276,2012,9,0,0.7481535122976098,1185.704827428823,6.028407072492957,6.028407072492957
69,2012-10-01,1863.953,106.61681799999998,12.184396490000001,1958.38542151,198.0596405,9.887857094792617,0.07,128118.0,,2.303337,0.8221433198988966,2012,10,0,0.7842557740412875,775.0274836140036,5.44411824296536,5.44411824296536
70,2012-11-01,1901.445,159.65674539999998,9.185298236666666,2051.916447163333,198.189314,10.353315250706872,0.068,128812.0,,2.319275,0.8226594629323896,2012,11,0,0.7995070309391151,1638.1770442974666,7.780859967310905,7.780859967310905
71,2012-12-01,2036.916,127.64142141666669,11.315364503333335,2153.2420569133333,198.3189875,10.857467981543287,0.069,130712.0,,2.334417,0.8109837733876508,2012,12,0,0.8559089683734897,1028.0363206953296,5.927871462795053,5.927871462795053
72,2013-01-01,2045.576,108.21580990000001,9.355946333333332,2144.4358635666667,198.448661,10.805998149650739,0.073,137640.0,,2.369496,0.8219349344330831,2013,1,0,0.8589862275093237,1056.6527430202236,5.046353296853253,5.046353296853253
73,2013-02-01,1783.366,51.21713693333333,13.649513636666665,1820.9336232966666,198.5783345,9.169850416368893,0.078,138744.0,,2.305382,0.8427492603704608,2013,2,0,0.7483889604952515,275.23049023335767,2.812685551964737,2.812685551964737
74,2013-03-01,1851.768,79.38123593333333,10.60176439,1920.5474715433334,198.708008,9.66517399511817,0.081,138673.0,,2.366954,0.8765681434770932,2013,3,0,0.7765867191421898,648.7549526021238,4.133260807635405,4.133260807635405
75,2013-04-01,1756.483,88.94314108333333,10.12945011,1835.2966909733332,198.8376815,9.23012518114346,0.079,134011.0,,2.501807,0.9094477079407493,2013,4,0,0.7361460978075894,778.064851669755,4.846254097268771,4.846254097268771
76,2013-05-01,1766.974,65.57761948333334,10.01229331,1822.5393261733334,198.967355,9.159991729162472,0.077,135520.0,,2.566468,0.9420373670283417,2013,5,0,0.7400602643249358,554.9710186559979,3.5981456499499727,3.5981456499499727
77,2013-06-01,1814.247,74.85845196666665,8.360285676666667,1880.74516629,199.0970285,9.446374867870015,0.075,137812.0,,2.739215,0.9797909827446157,2013,6,0,0.7593646732904404,795.4054306492731,3.9802549174875246,3.9802549174875246
78,2013-07-01,1978.775,114.14134733333331,7.693298133333331,2085.2230492,199.226702,10.466584189101319,0.07400000000000001,139855.0,,2.94201,1.0143470728041926,2013,7,0,0.8276898378143441,1383.6464849683198,5.473819569428023,5.473819569428023
79,2013-08-01,2003.575,115.39124575,7.536299199999999,2111.42994655,199.35873775,10.591108121871121,0.07200000000000001,141280.0,,3.04895,1.0377858679076237,2013,8,0,0.837508228722387,1431.1393919976001,5.465075738768654,5.465075738768654
80,2013-09-01,2008.586,107.32421073333333,6.5769392,2109.333271533333,199.4907735,10.573588114005348,0.07,141854.0,,3.059864,1.0390363747172544,2013,9,0,0.8390471585728082,1531.8261043576827,5.088063236935355,5.088063236935355
81,2013-10-01,2141.539,102.58233675,7.53752626,2236.5838104900004,199.62280925,11.204049371377137,0.068,143068.0,,3.001547,1.0195643995508692,2013,10,0,0.8939939479051958,1260.954950092605,4.58656350228726,4.58656350228726
82,2013-11-01,2171.098,77.0162065,10.11308975,2238.0011167499997,199.754845,11.203738846734856,0.066,143929.0,,2.837414,0.9601631684976243,2013,11,0,0.9057343932425436,661.5497182747735,3.4412943730717203,3.4412943730717203
83,2013-12-01,2230.842,81.06015733333332,30.367388939999998,2281.5347683933333,199.88688075,11.414129630882908,0.063,145117.0,,2.6138257767999997,0.9180070253033786,2013,12,0,0.9300435291324142,166.93160051887335,3.5528784595474843,3.5528784595474843
84,2014-01-01,2229.486,75.39597166666667,50.48451329999999,2254.397458366667,200.0189165,11.270921259923268,0.065,150728.0,,2.3861615516407197,0.9125452752715857,2014,1,1,0.9288646456596519,49.34475295152877,3.3443957003611864,3.3443957003611864
85,2014-02-01,1921.8,34.448971766666666,28.30309338666667,1927.94587838,200.15095225,9.632459184964983,0.068,152816.0,,2.28713584724763,0.9418876702816611,2014,2,0,0.8001460807439152,21.71451118800768,1.7868225531109405,1.7868225531109405
86,2014-03-01,2037.671,28.298145466666664,27.111759016666667,2038.8573864500001,200.282988,10.179883008585833,0.07200000000000001,154422.0,,2.425278852421387,0.9994664796867707,2014,3,0,0.8478299548170646,4.37591101805928,1.3879413859317833,1.3879413859317833
88,2014-05-01,1947.916,63.653558350000004,33.39509861999999,1978.1744597299999,200.5470595,9.863891620560011,0.071,151762.0,,2.6684426942842077,1.0128097720584732,2014,5,0,0.8094176685414495,90.60748726724384,3.21779295233081,3.21779295233081
89,2014-06-01,1938.758,60.57481786666667,21.013169356666666,1978.3196485100002,200.67909525,9.85812521252136,0.069,152116.0,,2.671644825517349,1.012683343006864,2014,6,0,0.8050821958579997,188.27073554922177,3.061932782818462,3.061932782818462
90,2014-07-01,2017.693,74.44415343333333,38.83225499999999,2053.3048984333336,200.811131,10.225055195935996,0.07,152153.0,,2.7376344527076273,1.0118838901487799,2014,7,0,0.8373095778905469,91.7070060271631,3.6255771605149345,3.6255771605149345
91,2014-08-01,2124.384,57.56541406666666,32.17129966666667,2149.7781144,200.94384025,10.698402656808984,0.07,153529.0,2.14,2.800873808565173,1.0036817848316006,2014,8,0,0.8810023725024335,78.93406440869202,2.6777374688612032,2.6777374688612032
92,2014-09-01,2085.161,59.28908563333334,20.42575165,2124.0243339833332,201.0765495,10.563262296199952,0.069,154774.0,2.0925,2.8524098866427723,0.9824346050710845,2014,9,0,0.8641654986558573,190.26635910034358,2.7913562328235817,2.7913562328235817
93,2014-10-01,2118.9,71.55086598333334,43.907779999999995,2146.5430859833336,201.20925875,10.668212284656278,0.067,156527.0,1.888,2.8136171121844304,0.9403605873592903,2014,10,0,0.8775689602802634,62.95714787523611,3.3333067689417386,3.3333067689417386
94,2014-11-01,2152.048,71.98701125000001,36.013852199999995,2188.0211590499994,201.341968,10.867188697837697,0.066,156521.0,1.7275,2.627918382780258,0.8967975465188489,2014,11,0,0.8907101441132895,99.88700695006467,3.2900509646467726,3.2900509646467726
95,2014-12-01,2262.423,85.61798195,45.34093726,2302.7000446899997,201.47467725,11.429228110055202,0.066,158639.0,1.6433333333333333,2.52779469239633,0.8446,2014,12,0,0.9357764090921256,88.83152207251042,3.7181560901704978,3.7181560901704978
96,2015-01-01,2207.717,76.12459051666669,7.8413124666666665,2276.00027805,201.6073865,11.289270286979292,0.069,165165.0,1.5686266666666666,2.4153078285846936,0.8382,2015,1,0,0.9125479966809981,870.8143992510372,3.344665255572273,3.344665255572273
97,2015-02-01,1899.716,63.763029866666656,18.751395196666667,1944.7276346699998,201.74009575,9.63976758036212,0.075,165635.0,1.6978153571428574,2.3505775787786236,0.8554,2015,2,0,0.7847208859405267,240.04418976781773,3.2787640145550037,3.2787640145550037
98,2015-03-01,2027.962,94.25980341666667,35.319604593333324,2086.9021988233335,201.872805,10.337708433898927,0.08,165516.0,2.0184375,2.3773741631767003,0.8942,2015,3,0,0.8371451188451725,166.87672328715274,4.516733149728509,4.516733149728509
99,2015-04-01,1851.024,93.13812798333335,24.001813506666668,1920.1603144766666,202.00551425,9.50548464781162,0.081,161719.0,1.9767857142857141,2.519065663302032,0.9334,2015,4,0,0.7636029173396685,288.0462114142484,4.850539159732495,4.850539159732495
100,2015-05-01,1886.178,97.94420546666669,17.47148073333333,1966.6507247333336,202.1382235,9.729237205517112,0.083,162437.0,2.0492962454212456,2.602446736757329,0.9537,2015,5,0,0.7775941495795325,460.59475989234153,4.980254207566387,4.980254207566387
101,2015-06-01,1908.257,96.85492995,29.49700975,1975.6149202000001,202.27093275,9.76717165111308,0.084,164686.0,2.191692708333333,2.736069364456134,0.976,2015,6,0,0.7861802707125088,228.35507995857105,4.902520676458293,4.902520676458293
103,2015-08-01,2018.111,77.3016525,54.34964755,2041.06300495,202.52599891666665,10.078029565921737,0.08900000000000001,164946.0,2.039579899267399,2.8189516909575345,0.9844,2015,8,1,0.8303917401531544,42.23027376375323,3.7873231895599253,3.7873231895599253
104,2015-09-01,1987.9,85.63290106666666,55.0937345,2018.439166566667,202.6483558333333,9.96030369092517,0.09,165524.0,1.938173076923077,2.749605479359979,0.9731,2015,9,1,0.817466949840826,55.43128786571305,4.242530688320267,4.242530688320267
105,2015-10-01,2073.924,142.07505611666667,51.2000404,2164.7990157166664,202.77071274999997,10.676093141644621,0.091,166401.0,1.9472153846153843,2.6852647111429557,0.9675,2015,10,1,0.8523272303780963,177.4901250208128,6.562967512696881,6.562967512696881
107,2015-12-01,2150.814,100.51428031666666,25.73016043333333,2225.5981198833333,203.0154265833333,10.962704447338021,0.091,174430.0,1.8572669413919414,2.6481818499456025,0.966,2015,12,0,0.882861480117267,290.64770146730507,4.516281687097024,4.516281687097024
108,2016-01-01,2071.752,64.15043698333334,15.789163199999999,2120.113273783333,203.13778349999993,10.436823899790824,0.096,191694.0,2.015808434065934,2.6174629404862335,0.9981,2016,1,0,0.8498960509727137,306.29409026143543,3.0258023369127423,3.0258023369127423
109,2016-02-01,1891.572,57.30708696666666,28.32967741666667,1920.5494095499998,203.2601404166666,9.448726177267375,0.10300000000000001,192558.0,2.2155782142857143,2.681590782528146,1.0456,2016,2,0,0.7755135841039439,102.2864084324245,2.9838902702375236,2.9838902702375236
110,2016-03-01,1898.053,138.97967043333335,7.769987083333333,2029.26268335,203.38249733333325,9.977567932132061,0.111,188501.0,2.4030088571428574,2.847026162674655,1.1068,2016,3,0,0.7777025329475585,1688.6731205956,6.848776729284714,6.848776729284714
111,2016-04-01,1748.969,170.25093178333333,7.908115783333332,1911.311816,203.5048542499999,9.39197162172853,0.113,172922.0,2.472227619047619,2.996779738831342,1.1571,2016,4,0,0.7161864379294861,2052.8634183903064,8.907543518442484,8.907543518442484
112,2016-05-01,1742.061,201.61024458333338,18.2259405,1925.4453040833332,203.62721116666657,9.455736750759593,0.113,174028.0,2.7533720238095243,3.1322341830265183,1.2165,2016,5,0,0.7129290293190657,1006.1719672756167,10.470837273630895,10.470837273630895
113,2016-06-01,1728.491,191.34336118333334,15.5242848,1904.3100763833334,203.74956808333323,9.34632693603784,0.114,173304.0,3.4725222564102567,3.557591585081519,1.3813,2016,6,0,0.7069507828735823,1132.5421985516095,10.047909925821154,10.047909925821154
114,2016-07-01,1897.102,178.8308873,17.77670571666666,2058.1561815833334,203.871925,10.095338931946285,0.11699999999999999,174161.0,3.6502549159663866,4.131786866913676,1.5768,2016,7,0,0.7754468072704633,905.9844053802161,8.68888808829007,8.68888808829007
115,2016-08-01,1988.565,192.9439085,27.21544818333333,2154.293460316667,203.983561,10.561113110073938,0.11900000000000001,176227.0,2.8282983333333336,4.216488497685406,1.5257,2016,8,0,0.8123877688359405,608.9499581276723,8.956250021370742,8.956250021370742
116,2016-09-01,1962.994,225.54814901666663,32.153895166666665,2156.3882538499997,204.095197,10.565600198078153,0.11900000000000001,175960.0,2.140595382819795,3.7050284429161664,1.3961,2016,9,0,0.8015026112218275,601.4644659614619,10.45953337085632,10.45953337085632
117,2016-10-01,2047.772,150.7790381,21.12512115,2177.42591695,204.206833,10.662845532450916,0.11900000000000001,176222.0,1.957764375,3.1318605427970354,1.2331,2016,10,0,0.8356609039946604,613.7428326653644,6.924646066085302,6.924646066085302
118,2016-11-01,2052.393,164.47135093333333,30.514193633333328,2186.3501573,204.318469,10.700697631499969,0.12,176939.0,1.9481933338720103,2.8869490483503073,1.191,2016,11,0,0.8370890347656238,438.99949941219114,7.522644549144165,7.522644549144165
119,2016-12-01,2139.931,144.27713029999998,13.73569035,2270.47243995,204.430105,11.106350700891143,0.122,184184.0,2.0239852602707753,2.8710708285843807,1.1885,2016,12,0,0.8723156666838934,950.3813541486829,6.354498198761542,6.354498198761542
120,2017-01-01,2100.937,151.7384018,10.85338815,2241.8220136499995,204.541741,10.960217717370458,0.127,200723.0,2.208834650735294,2.8844098236539835,1.2152,2017,1,0,0.8559528362151436,1298.0740364473188,6.768530279214659,6.768530279214659
121,2017-02-01,1832.768,132.59525491666668,18.949290899999998,1946.4139640166666,204.653377,9.510783513807674,0.133,201833.0,2.3100037885154063,2.9490206037038327,1.2326,2017,2,0,0.7462895013291995,599.7372915767877,6.8122844044460065,6.8122844044460065
122,2017-03-01,1927.871,116.44628340000001,14.563819983333333,2029.7534634166668,204.765013,9.912599001552412,0.139,197240.0,2.3681815656789036,3.027759453822725,1.2584,2017,3,0,0.7845867529462499,699.5586565424442,5.736966853303798,5.736966853303798
123,2017-04-01,1811.659,99.82316915000001,5.5394632999999995,1905.94270585,204.876649,9.302879147784187,0.13699999999999998,181476.0,2.40387865497076,3.0153456400620517,1.2735,2017,4,0,0.7368901437534414,1702.0368354096693,5.237469565250206,5.237469565250206
124,2017-05-01,1906.924,120.04617041666667,6.955586286666667,2020.01458413,204.988285,9.85429281546504,0.134,181445.0,2.363023456849845,3.058766617278945,1.2688,2017,5,0,0.7752166585194531,1625.8957831748287,5.94283681710988,5.94283681710988
125,2017-06-01,1929.359,125.81868469999999,18.839748826666664,2036.3379358733334,205.099921,9.928516432111808,0.131,181800.0,2.2509325475113124,3.0321553477086183,1.2343,2017,6,0,0.7839101833036136,567.8363170209059,6.178674103325565,6.178674103325565
126,2017-07-01,2058.47,117.53520771666666,7.066098103333333,2168.939109613333,205.211557,10.569283432771446,0.129,183298.0,2.056675051510989,2.925120263934504,1.1555,2017,7,0,0.8359137719844241,1563.3679011790266,5.419018320787263,5.419018320787263
127,2017-08-01,2117.707,103.93393164999999,7.094622763333333,2214.5463088866663,205.32134708333334,10.785757741925652,0.127,184826.0,1.9187347051943582,2.826072766677418,1.0843,2017,8,0,0.8595091832400046,1364.9676961988002,4.693238124347528,4.693238124347528
128,2017-09-01,2103.114,77.84155098333332,6.737895443333333,2174.21765554,205.43113716666667,10.583681157233984,0.125,186354.0,1.7800951286764706,2.6943777757502505,1.0052,2017,9,0,0.8531301652573321,1055.2798887722722,3.5802096807092747,3.5802096807092747
129,2017-10-01,2140.711,72.40250178333334,7.107392689999999,2206.006109093333,205.54092725000004,10.7326854004612,0.12300000000000001,187424.0,1.8959426120448182,2.5666992960907735,1.0003,2017,10,0,0.8679175759305293,918.6928588482614,3.2820626146448304,3.2820626146448304
130,2017-11-01,2153.746,76.51531326666667,24.95155903666667,2205.3097542299997,205.65071733333338,10.723569471705154,0.121,188825.0,1.9343059507223945,2.5535423954990124,1.001,2017,11,0,0.872736237736634,206.6554404645671,3.469594832195469,3.469594832195469
131,2017-12-01,2250.245,75.43321970000001,7.819137419999999,2317.8590822799997,205.7605074166667,11.264839455252295,0.11900000000000001,196383.0,1.756137132352941,2.544078967381293,0.9832,2017,12,0,0.9113528102209444,864.7255911765267,3.2544351068054964,3.2544351068054964
132,2018-01-01,2161.22,64.76855435,5.3400923166666665,2220.648462033333,205.87029750000005,10.786638427203577,0.12300000000000001,214459.0,1.8197347058823532,2.519910217191171,1.0204,2018,1,0,0.8748307495240618,1112.8733083481432,2.9166504945449487,2.9166504945449487
133,2018-02-01,1890.351,80.938385,6.5165092300000005,1964.77287577,205.98008758333341,9.538654434133646,0.127,215713.0,2.0581784136904764,2.504034782822867,1.0745,2018,2,0,0.76477902232306,1142.051260011796,4.119477930408624,4.119477930408624
134,2018-03-01,1967.861,64.47358328333333,5.25831903,2027.0762642533334,206.08987766666675,9.835884649958214,0.132,209179.0,2.3179622603166763,2.596934473265595,1.1574,2018,3,0,0.7957131059677968,1126.1253627917156,3.1806195169021896,3.1806195169021896
135,2018-04-01,1872.647,89.6964647,5.39480953,1956.94865517,206.1996677500001,9.490551932133261,0.13,193253.0,2.363358611111111,2.789107624287249,1.2545,2018,4,0,0.7568097386842981,1562.6437727079497,4.583485849924258,4.583485849924258
136,2018-05-01,1733.572,101.89505723333333,2.4143079700000003,1833.0527492633332,206.30945783333343,8.884967119365706,0.128,193328.0,2.3678147631354154,2.910154895181316,1.296,2018,5,0,0.7002312683601665,4120.466423483385,5.558762958364558,5.558762958364558
137,2018-06-01,1872.364,82.13634121666666,4.947608450000001,1949.5527327666666,206.41924791666676,9.444626663661317,0.126,194127.0,3.2630170238095237,3.4713200636191295,1.4781,2018,6,0,0.755890426440872,1560.1220983173528,4.213086408804373,4.213086408804373
138,2018-07-01,2036.42,117.88305243333333,3.57697473,2150.7260777033334,206.529038,10.413674021487154,0.124,196315.0,3.0511650268853954,3.8079200849080226,1.5466,2018,7,0,0.8216842934535271,3195.6076386184964,5.48108165216537,5.48108165216537
139,2018-08-01,2119.504,105.88899216666667,6.471823473333333,2218.9211686933336,206.64329308333333,10.7379297705951,0.12300000000000001,199684.0,2.691036662300019,3.649129817367358,1.4748,2018,8,0,0.8547353785254738,1536.1539001021024,4.7720934686932575,4.7720934686932575
140,2018-09-01,2100.289,92.29884813333331,9.719136653333333,2182.86871148,206.75754816666668,10.557625251584023,0.12,200815.0,2.5605350198564594,3.466005535742412,1.4401,2018,9,0,0.8465184699919489,849.6609773634364,4.228327963469413,4.228327963469413
141,2018-10-01,2222.233,155.02105836666664,5.1392080799999995,2372.1148502866668,206.87180325000003,11.466593383052876,0.11900000000000001,201490.0,2.3789235521008405,3.2963792248231787,1.3624,2018,10,0,0.8951731479303636,2916.4386410029665,6.535141346462738,6.535141346462738
142,2018-11-01,2210.443,147.56617406666666,5.981932593333333,2352.0272414733336,206.98605833333338,11.363215766375891,0.11699999999999999,202167.0,1.9749526931077694,2.881058517150032,1.2344,2018,11,0,0.8899323211261368,2366.864541922861,6.273999359558001,6.273999359558001
143,2018-12-01,2270.96,87.36802341666667,5.928739293333332,2352.3992841233335,207.10031341666672,11.358743235653744,0.11699999999999999,210652.0,2.0592129656862745,2.766680494019176,1.2836,2018,12,0,0.9137922755622289,1373.635778097193,3.7139963443419446,3.7139963443419446
144,2019-01-01,2207.103,111.36338433333333,5.520249916666667,2312.9461344166666,207.21456850000007,11.162082623629168,0.122,230414.0,2.309566477289377,2.8039089467466978,1.4146,2019,1,0,0.8876077166360045,1917.3612791896694,4.814785034387305,4.814785034387305
145,2019-02-01,1932.644,127.87849836666668,6.575175723333333,2053.9473226433333,207.32882358333342,9.90671382369453,0.126,231407.0,2.256494721153846,2.8454432499748563,1.4784,2019,2,0,0.7768030700368732,1844.8681487380497,6.225987246941322,6.225987246941322
146,2019-03-01,2055.407,81.10664713333334,8.140053163333333,2128.37359397,207.44307866666674,10.260036669577255,0.128,224549.0,2.2357548842592587,2.8679820059579075,1.492,2019,3,0,0.8256911619688069,896.3896488867691,3.8107335743649786,3.8107335743649786
147,2019-04-01,1911.041,83.94257868333334,4.336268803333333,1990.64730988,207.55733375000008,9.590830995534501,0.126,206706.0,2.3849055521155833,2.906556363938041,1.5175,2019,4,0,0.7672743419342879,1835.8250719790676,4.216848372220871,4.216848372220871
148,2019-05-01,1975.499,104.48191729999999,6.197942589999999,2073.78297471,207.67158883333343,9.98587715517654,0.124,206630.0,2.4991629072681705,2.990640132990405,1.5278,2019,5,0,0.7927175671525593,1585.7516148758004,5.038228135449461,5.038228135449461
149,2019-06-01,1974.451,81.44104633333335,4.01945478,2051.872591553333,207.78584391666678,9.874939278232274,0.121,208718.0,2.312172942773601,2.9763478637948437,1.4064,2019,6,0,0.7918613714576326,1926.1714782454483,3.9691083485685565,3.9691083485685565
150,2019-07-01,2074.906,75.58350618333334,4.477318446666667,2146.0121877366664,207.900099,10.322324029949915,0.12,209832.0,2.2708604805641555,2.9409650403900507,1.3466,2019,7,0,0.83169192398188,1588.1422906071098,3.5220445911376186,3.5220445911376186
151,2019-08-01,2128.294,76.13584853333333,4.8245811466666675,2199.6052673866666,208.00549816666665,10.574745796499133,0.11900000000000001,212315.0,2.5007375093984967,2.954787576079884,1.3728,2019,8,0,0.8526593522601188,1478.0820390167144,3.461341435310788,3.461341435310788
152,2019-09-01,2080.541,101.54687208333333,5.616579663333332,2176.4712924200003,208.11089733333333,10.458228378756756,0.11900000000000001,212322.0,2.3604034055727556,2.9973365171754343,1.3635,2019,9,0,0.8331059011723193,1707.9841855758034,4.6656655861711,4.6656655861711
153,2019-10-01,2203.103,71.73555028333332,4.682924253333334,2270.1556260300003,208.21629649999997,10.902871985478814,0.11800000000000001,213915.0,2.2816322573099415,2.983848502848145,1.3493,2019,10,0,0.8817365391313965,1431.853739301282,3.1599397618736353,3.1599397618736353
154,2019-11-01,2186.003,87.06249003333333,5.6622836733333335,2267.4032063600002,208.3216956666666,10.884143387484944,0.113,215476.0,2.337755301378446,2.8826960386015927,1.3535,2019,11,0,0.8744500474792125,1437.5861588029632,3.8397445054821113,3.8397445054821113
155,2019-12-01,2282.832,80.93250968333332,4.778268173333333,2358.9862415099997,208.42709483333329,11.318040216394804,0.111,224140.0,2.376421587510443,2.8723183328626267,1.3683,2019,12,0,0.9127220247066264,1593.762399837734,3.4308173680372125,3.4308173680372125
156,2020-01-01,2272.445,81.88178118333332,13.350097723333333,2340.97668346,208.53249399999993,11.225956389607083,0.114,245528.0,2.3391579010964914,2.8967330386919588,1.4175,2020,1,0,0.908109873114867,513.342185804529,3.497761501080428,3.497761501080428
157,2020-02-01,2066.001,70.71097409999999,4.86929802,2131.8426760800003,208.6378931666666,10.21790741712013,0.11800000000000001,246886.0,2.347294579545454,2.8949949988687433,1.4376,2020,2,0,0.8251940593670956,1352.1800433977132,3.316894576386952,3.316894576386952
158,2020-03-01,2108.715,71.14346523333333,7.893111976666667,2171.9653532566667,208.74329233333324,10.404958784440115,0.124,237582.0,2.721561467948718,2.98792433833243,1.4515,2020,3,0,0.8418294453236382,801.3360692670403,3.2755340745495825,3.2755340745495825
159,2020-04-01,1968.96,46.75265315,5.234214023333332,2010.4784391266667,208.84869149999992,9.62648329126193,0.127,211313.0,2.814881015201465,3.210225909104363,1.3783,2020,4,0,0.7856405458973157,793.2124850375579,2.3254491189822915,2.3254491189822915
160,2020-05-01,1956.66,48.87869106666667,5.600718059999999,1999.9379730066669,208.95409066666656,9.571183634768186,0.131,198455.0,2.8938420325757575,3.258379297740928,1.5135367374871924,2020,5,0,0.7803388748206564,772.7218642865711,2.444010350640196,2.444010350640196
161,2020-06-01,1948.902,58.365290433333335,7.5343961166666675,1999.7328943166667,209.05948983333323,9.56537728046164,0.136,188725.0,3.169245074519231,3.326072127651496,1.7573,2020,6,0,0.7768530389578373,674.6512066736815,2.918654316244444,2.918654316244444
162,2020-07-01,2143.393,94.94594468333334,10.4106261,2227.9283185833333,209.164889,10.651540654049894,0.141,185536.0,3.1673984742424244,3.4913779123957758,1.9426,2020,7,0,0.8539486918061728,812.0099384160318,4.261624752079383,4.261624752079383
163,2020-08-01,2199.019,140.18338163333337,8.845719399999998,2330.3566622333333,209.24311841666665,11.137076716630101,0.14800000000000002,188134.0,3.5687843051948054,3.668872582706152,2.1319,2020,8,0,0.8757830829514962,1484.7595350281333,6.0155333260869375,6.0155333260869375
164,2020-09-01,2174.458,184.01933214999997,8.359632793333333,2350.117699356667,209.3213478333333,11.227319734382215,0.149,194484.0,3.4971392619047625,3.9363444006031787,2.1586,2020,9,0,0.8656777495891771,2101.284873382863,7.830217703580308,7.830217703580308
165,2020-10-01,2235.648,180.82329608333333,11.91064599,2404.5606500933336,209.39957724999996,11.483120843279229,0.146,198991.0,3.061413224926185,3.900346531059663,2.0434,2020,10,0,0.8897057121446507,1418.1653139145421,7.52001394002329,7.52001394002329
166,2020-11-01,2224.396,188.80478223333336,8.32004607,2404.8807361633335,209.47780666666662,11.4803604946567,0.14400000000000002,203546.0,3.177456155681818,3.7336886241340146,2.1262,2020,11,0,0.8848972417794078,2169.275682428203,7.850900021534798,7.850900021534798
167,2020-12-01,2342.665,181.12578545000002,8.316774836666667,2515.474010613333,209.55603608333328,12.003825122999631,0.142,209837.0,3.1788731629120877,3.769528301237077,2.0344,2020,12,0,0.9315984735257169,2077.836829866547,7.200463399176094,7.200463399176094
168,2021-01-01,2348.481,149.05832791666666,7.533696679999999,2490.005631236667,209.63426549999994,11.877856061831016,0.145,227869.0,2.9127255853174603,3.7674663692563004,1.9889,2021,1,0,0.933562791050493,1878.5549411934471,5.986264691402987,5.986264691402987
169,2021-02-01,2051.164,108.81738015,6.931187773333333,2153.050192376667,209.7124949166666,10.26667578024964,0.146,229405.0,2.7290215520202015,3.6092139444156897,1.9384,2021,2,0,0.8150698574315083,1469.9672799034236,5.054103268715757,5.054103268715757
170,2021-03-01,2176.523,102.60161355000001,11.038464343333334,2268.0861492066665,209.79072433333326,10.811184128440965,0.149,226364.0,3.077849626060606,3.5553175525837304,1.9837,2021,3,0,0.8645611823069913,829.4917332587672,4.523708836451742,4.523708836451742
171,2021-04-01,1946.183,50.950866766666664,25.08669220333333,1972.0471745633333,209.86895374999992,9.396564567203567,0.14800000000000002,211894.0,2.9840292159090906,3.591212038594616,2.0364,2021,4,0,0.7727770771653105,103.09918244182346,2.5836535466221093,2.5836535466221093
172,2021-05-01,1960.394,58.14393286666666,17.352146726666668,2001.1857861400001,209.94718316666658,9.531853468838202,0.147,214515.0,3.3648891169871797,3.610604583603027,2.201,2021,5,0,0.7781298334304321,235.08207245223116,2.9054740079289667,2.9054740079289667
173,2021-06-01,1932.729,70.74596196666668,18.985089053333336,1984.4898729133336,210.02541258333324,9.448808353731641,0.142,216787.0,3.5254296390692645,3.81204021332224,2.3108,2021,6,0,0.7668631525058656,272.63961084367605,3.564944469220594,3.564944469220594
174,2021-07-01,2040.139,72.52860995,11.410236466666666,2101.2573734833336,210.103642,10.00105164042484,0.13699999999999998,219828.0,3.4620992386363634,3.894635688624293,2.3595,2021,7,0,0.8091796111432153,535.6451083365513,3.451676642055827,3.451676642055827
175,2021-08-01,2087.955,74.85210566666667,14.20280998,2148.604295686667,210.16692041666667,10.22332292554389,0.131,221738.0,3.600700386363636,4.0051265031105645,2.3827,2021,8,0,0.8278955111253642,427.0232142236031,3.483754817810456,3.483754817810456
176,2021-09-01,2078.554,80.1479297,7.074826739999999,2151.6271029600002,210.2301988333333,10.23462430659532,0.126,222365.0,3.590863077777778,4.058314583071873,2.3305,2021,9,0,0.8239198473605276,1032.8606712989272,3.724991639570827,3.724991639570827
177,2021-10-01,2139.89,92.41425240000001,6.721913063333332,2225.5823393366663,210.29347724999997,10.583220974994205,0.121,223250.0,3.156038442460317,3.9971030242154,2.1857,2021,10,0,0.8479776405745209,1274.8207025184684,4.152362766661063,4.152362766661063
178,2021-11-01,2155.528,82.88288280000002,6.5734503900000005,2231.83743241,210.35675566666663,10.60977302743056,0.11599999999999999,225058.0,3.0136212562499995,3.7877787359402637,2.121,2021,11,0,0.8539175875956775,1160.8733295696177,3.7136612907554283,3.7136612907554283
179,2021-12-01,2204.26,80.81237483333331,9.704537956666664,2275.367836876667,210.4200340833333,10.813456269926968,0.111,233740.0,2.979386550066137,3.6939478810935515,2.1093,2021,12,0,0.8729602869496099,732.7276908409445,3.551618051535007,3.551618051535007
180,2022-01-01,2100.648,65.52427365000001,14.72844786,2151.44382579,210.48331249999995,10.221446062570879,0.11199999999999999,256302.0,3.19598303125,3.69502281992695,2.1397,2022,1,0,0.8316763828961502,344.88240901441475,3.045595374814855,3.045595374814855
181,2022-02-01,1887.864,42.09074866666666,21.69383638,1908.2609122866668,210.5465909166666,9.063366469048876,0.11199999999999999,258666.0,3.449042361111111,3.7738302666303523,2.2104,2022,2,0,0.7472075387925295,94.02169320992483,2.205712457644451,2.205712457644451
182,2022-03-01,1965.915,59.18232186666667,7.604574126666667,2017.49274774,210.60986933333325,9.579288730040018,0.111,256934.0,4.121230938888888,4.06950986802084,2.4269,2022,3,0,0.7778659685729704,678.2463670008068,2.933458964497535,2.933458964497535
183,2022-04-01,1828.618,42.01701895,22.05869552,1848.57632343,210.6731477499999,8.77461766329924,0.105,243198.0,4.382657613636363,4.556154066568376,2.54,2022,4,0,0.723323475064626,90.4782579364421,2.272939365145507,2.272939365145507
184,2022-05-01,1861.222,63.937090149999996,11.420145096666666,1913.7389450533333,210.73642616666658,9.081196734065335,0.098,249827.0,4.46455115530303,4.788517923963362,2.68,2022,5,0,0.7359991632897241,459.86232756939387,3.34095150831652,3.34095150831652
185,2022-06-01,1809.292,83.23554084999999,7.8272974333333325,1884.7002434166666,210.79970458333324,8.940715771599233,0.09300000000000001,256610.0,5.6762326666666665,5.225230758628821,3.1932,2022,6,0,0.7152492629501257,963.4007658318066,4.416380861664611,4.416380861664611
186,2022-07-01,2009.727,105.39670899999999,7.166447259999999,2107.95726174,210.862983,9.996810401472883,0.091,262515.0,6.447781287878788,6.349700417885743,3.5707,2022,7,0,0.7942468024366325,1370.696778699241,4.999945250929848,4.999945250929848
187,2022-08-01,2088.915,172.07376658333334,6.89315604,2254.0956105433334,210.93233091666664,10.686344766340548,0.08900000000000001,266413.0,4.713283740909091,6.293823054208349,3.0476,2022,8,0,0.8252705938606092,2396.298728547763,7.633827322074249,7.633827322074249
188,2022-09-01,2049.778,197.52577268333334,7.551290043333332,2239.75248264,211.0016788333333,10.614856218320154,0.087,269160.0,4.166919012626263,5.547375639979238,2.8481,2022,9,0,0.8095425319732034,2515.788448726311,8.819089350913874,8.819089350913874
189,2022-10-01,2114.589,166.99642203333332,4.795631836666667,2276.789790196666,211.07102674999996,10.786841876186907,0.083,270653.0,4.044407812499999,5.22895627824443,2.6967,2022,10,0,0.8348647027178969,3382.26110179068,7.334731680209633,7.334731680209633
190,2022-11-01,2067.336,148.11496584999998,6.050978550000001,2209.3999873,211.14037466666662,10.464128382778723,0.081,273094.0,3.7411632101010097,4.8755363523541675,2.5286,2022,11,0,0.8159405811038284,2347.785339612549,6.703854743432133,6.703854743432133
191,2022-12-01,2134.317,147.57164728333336,7.531446699999999,2274.3572005833335,211.20972258333327,10.76824102965232,0.079,283549.0,3.6589841994949492,4.651724856099349,2.5214,2022,12,0,0.8421002017547986,1859.4063818221452,6.488499134853741,6.488499134853741
192,2023-01-01,2139.462,151.59760475,5.3437383999999994,2285.71586635,211.27907049999993,10.818468014558976,0.084,305709.0,4.36372625,4.6876082616393,2.6619,2023,1,0,0.8438531065953362,2736.920399209662,6.63239062132785,6.63239062132785
193,2023-02-01,1870.822,151.53938674999998,6.5299541066666675,2015.831432643333,211.3484184166666,9.537953715221025,0.086,307031.0,4.267456558080808,4.870143727347534,2.7276,2023,2,0,0.7376531818940698,2220.680731818435,7.5174632311040215,7.5174632311040215
194,2023-03-01,1996.5,203.1751645,5.110203833333333,2194.5649606666666,211.41776633333325,10.380229621793426,0.08800000000000001,300099.0,4.38123536907537,4.837913116159948,2.812,2023,3,0,0.7869490009542705,3875.8720224565072,9.258106647172536,9.258106647172536
195,2023-04-01,1890.588,141.8767017333333,5.82459786,2026.6401038733331,211.4871142499999,9.58280655093545,0.085,282016.0,4.935170809294872,5.171908123960282,2.8961,2023,4,0,0.7449579165081452,2335.819693367351,7.000586905498281,7.000586905498281
196,2023-05-01,1965.775,202.72364455,7.098531783333333,2161.4001127666666,211.55646216666656,10.216658430711945,0.083,282830.0,4.360611781818181,5.290013817879039,2.7229,2023,5,0,0.7743303213507057,2755.853164255396,9.379274265443929,9.379274265443929
197,2023-06-01,1933.254,205.46050920000002,6.895099316666666,2131.8194098833333,211.62581008333322,10.073532188932312,0.08,285383.0,4.225335714285714,5.161170241330777,2.5568,2023,6,0,0.7612705649493362,2879.8049275862622,9.637800849709128,9.637800849709128
198,2023-07-01,2069.064,180.21178965,5.781947683333333,2243.4938419666664,211.695158,10.597756997194365,0.079,288047.0,4.056099305555556,4.967910221644146,2.4142,2023,7,0,0.8144824927927732,3016.8007654145126,8.032640263100733,8.032640263100733
199,2023-08-01,2139.72,191.04692708333332,5.487468663333333,2325.2794584199996,211.76920733333336,10.980252925818036,0.078,291566.0,3.8510052777777775,4.923839890067941,2.25,2023,8,0,0.8420015461423188,3381.5128578298413,8.216084582502074,8.216084582502074
200,2023-09-01,2109.897,149.749053,6.132121503333333,2253.513931496667,211.8432566666667,10.637647697432017,0.077,295493.0,3.5088469886363636,4.573592387167738,2.0509,2023,9,0,0.8299756752543629,2342.04314801327,6.645135444117023,6.645135444117023
201,2023-10-01,2188.598,188.51051045,7.671749289999999,2369.4367611599996,211.91730600000002,11.180949804826225,0.076,296546.0,3.5437022727272733,4.401794536328556,1.9675,2023,10,0,0.8606336599365162,2357.203739644104,7.955920729351365,7.955920729351365
202,2023-11-01,2114.669,197.90210230000002,4.539358093333333,2308.0317442066666,211.99135533333336,10.887386141654398,0.075,299392.0,3.4904344848484845,4.374397767134448,1.9981,2023,11,0,0.831271711007159,4259.6935564666355,8.574496550870636,8.574496550870636
203,2023-12-01,2187.25,219.34715789999998,5.61854861,2400.9786092900003,212.06540466666672,11.321877856805353,0.07400000000000001,310716.0,3.4043118939393944,4.29215908911232,2.0335,2023,12,0,0.8595029143005869,3803.982560720427,9.135739779242085,9.135739779242085
204,2024-01-01,2197.713,206.49983495,7.8365944,2396.37624055,212.13945400000006,11.296230830074633,0.076,340086.0,3.762927142857143,4.377573054985655,2.1347,2024,1,0,0.8633130073013197,2535.0711088224753,8.61717085388084,8.61717085388084
205,2024-02-01,1992.938,180.21222805000002,16.511186563333336,2156.6390414866664,212.2135033333334,10.16259101146422,0.078,343447.0,3.969492043650793,4.545374185329365,2.2347,2024,2,0,0.7825994296215927,991.4553436771182,8.356160886606773,8.356160886606773
206,2024-03-01,2035.009,174.23090528333336,14.29747786333333,2194.94242742,212.28755266666676,10.339477750099139,0.079,335274.0,4.05804191468254,4.7017805110465485,2.329,2024,3,0,0.7988413884991822,1118.6128696877238,7.937834865588228,7.937834865588228
207,2024-04-01,1963.626,190.615174,5.2359889399999995,2149.00518506,212.3616020000001,10.119556288994273,0.075,316705.0,4.128975892857143,4.796667143539979,2.4576,2024,4,0,0.770551260015452,3540.4808372265206,8.869926202373405,8.869926202373405
208,2024-05-01,1974.585,146.27900419999997,4.440316723333333,2116.423687476667,212.43565133333342,9.962657746913584,0.071,320411.0,4.863367638888889,5.016834165428465,2.7114,2024,5,0,0.774581615502033,3194.337168142113,6.911612502995701,6.911612502995701
209,2024-06-01,1939.304,177.8704444,4.575128093333333,2112.599316306667,212.5097006666668,9.941190024169277,0.069,324573.0,4.448999652777777,5.368790166304099,2.7524,2024,6,0,0.7604766566405305,3787.769714233458,8.419506861857764,8.419506861857764
210,2024-07-01,2078.54,244.0389342,9.538190396666664,2313.040743803333,212.58375,10.88060937773152,0.068,324145.0,4.266532142857143,5.355368190888339,2.7225,2024,7,0,0.8147926013473121,2458.5454268692824,10.550567898718755,10.550567898718755
211,2024-08-01,2113.325,182.74639345,4.064447503333334,2292.0069459466667,212.65352391666664,10.77812821406545,0.066,329597.0,4.413438541666666,5.269146763015037,2.7607,2024,8,0,0.828156587405905,4396.217340736375,7.9732041725781215,7.9732041725781215
212,2024-09-01,2104.908,182.14588775,4.946604913333333,2282.1072828366664,212.7232978333333,10.72805520636802,0.064,331920.0,4.856938257575758,5.339753329639439,2.8657,2024,9,0,0.8245876299709837,3582.2404647485514,7.981477870032128,7.981477870032128
213,2024-10-01,2198.885,203.3429716,4.43891098,2397.7890606200003,212.79307174999997,11.268172600267004,0.062,335354.0,4.452080317460317,5.410238073590681,2.8065,2024,10,0,0.8611202195621611,4480.920241838236,8.48043620431821,8.48043620431821
214,2024-11-01,2227.416,204.27288346666663,4.789603466666666,2426.8992800000005,212.86284566666663,11.401234782891198,0.061,338086.0,4.105219999999999,5.304197407348304,2.6374,2024,11,0,0.8720075098999156,4164.92265775878,8.41703177177862,8.41703177177862
215,2024-12-01,2328.034,194.44312128333337,5.436258603333333,2517.04086268,212.9326195833333,11.82083265403557,0.062,351063.0,3.920315833333333,5.142933893572693,2.5805,2024,12,0,0.911099641346442,3476.782038369317,7.725068121313754,7.725068121313754
